Rank,Team,Short Passes pg,Goals,Shots pg,Through Balls pg,Aerials Won,Year ,Champion 
1,Barcelona,560,98,15.6,9,8.3,2009-2010,1
2,Real Madrid,464,102,21.5,8,9.9,,0
3,Valencia,402,59,14.3,6,9.2,,0
4,Mallorca,264,57,12.8,3,12.7,,0
5,Sevilla,341,66,13.2,4,12.3,,0
6,Athletic Club,257,50,12.8,2,14.8,,0
7,Villarreal,350,58,12.7,4,9.2,,0
8,Almeria,304,43,11.7,5,8.1,,0
9,Getafe,375,58,14.7,3,8.3,,0
10,Malaga,249,42,11.7,3,9.7,,0
11,Atletico Madrid,340,57,14.6,4,10.2,,0
12,Real Zaragoza,315,44,12.8,4,10.4,,0
13,Racing Santander,287,42,10.8,3,11.3,,0
14,Tenerife,314,40,14.2,3,12.2,,0
15,Real Valladolid,281,37,13.3,3,12.1,,0
16,Sporting Gijon,273,35,10.9,3,9.5,,0
17,Espanyol,322,29,12.2,4,10.2,,0
18,Osasuna,263,37,11.1,3,12.1,,0
19,Deportivo La Coruna,312,35,10.4,2,9.1,,0
20,Xerez,293,40,9.5,3,10,,0
1,Barcelona,694,95,15.8,12,6.2,2010 -2011,1
2,Real Madrid,432,102,19.1,8,10.1,,0
3,Valencia,412,64,13.1,6,11.8,,0
4,Villarreal,420,54,13.9,7,7.8,,0
5,Atletico Madrid,347,62,15.1,6,10.7,,0
6,Real Zaragoza,307,41,14,5,13.9,,0
7,Sevilla,399,64,13.8,4,13.7,,0
8,Osasuna,296,46,12.7,3,17,,0
9,Sporting Gijon,290,35,11.6,4,12,,0
10,Athletic Club,308,59,13.4,3,15.6,,0
11,Mallorca,321,41,13,8,15.6,,0
12,Racing Santander,347,41,12.3,6,12.8,,0
13,Malaga,339,54,11.8,4,11.9,,0
14,Real Sociedad,290,46,11.3,2,16.3,,0
15,Getafe,351,49,13.8,4,11.6,,0
16,Deportivo La Coruna,317,31,11,3,14,,0
17,Espanyol,381,46,12.3,5,10.2,,0
18,Hercules,351,36,10.5,3,14.4,,0
19,Levante,275,43,10.4,4,13.8,,0
20,Almeria,291,38,12.2,3,13.8,,0
1,Barcelona,655,114,16.5,13,5.7,2011-2012,0
2,Real Madrid,474,120,19.3,7,8.4,,1
3,Malaga,398,54,14,3,11.7,,0
4,Real Sociedad,337,46,12.6,3,13.9,,0
5,Sevilla,379,47,15.4,5,15.3,,0
6,Athletic Club,434,50,12.2,4,12.2,,0
7,Real Betis,381,47,13.6,7,11.4,,0
8,Atletico Madrid,368,53,15.3,4,10.6,,0
9,Valencia,396,56,13.4,5,11.4,,0
10,Levante,275,55,10.3,2,12,,0
11,Villarreal,389,39,12,6,11.3,,0
12,Mallorca,301,41,11.5,3,17.3,,0
13,Rayo Vallecano,316,52,12.9,3,14.5,,0
14,Osasuna,302,44,12.3,2,18.6,,0
15,Espanyol,406,46,13.1,5,9.7,,0
16,Real Zaragoza,292,37,11.4,2,12.7,,0
17,Getafe,302,40,9.8,4,15,,0
18,Sporting Gijon,283,46,12.2,4,13,,0
19,Granada,320,37,13,2,11.7,,0
20,Racing Santander,273,30,9.4,2,13,,0
1,Barcelona,691,113,13.9,8,9.5,2012-2013,1
2,Real Madrid,416,101,18.7,7,15.4,,0
3,Atletico Madrid,345,66,13.4,2,18.1,,0
4,Valencia,360,65,14.9,6,14.8,,0
5,Real Sociedad,369,68,14.7,2,16.9,,0
6,Malaga,406,54,11.6,2,15.4,,0
7,Athletic Club,411,45,12.6,4,15.8,,0
8,Real Betis,327,57,11.9,3,15.2,,0
9,Sevilla,374,58,14.5,3,16.3,,0
10,Osasuna,308,33,13.3,2,25.3,,0
11,Real Valladolid,375,52,10.2,2,16.7,,0
12,Espanyol,299,44,10.8,2,17.7,,0
13,Getafe,310,44,12.4,2,17,,0
14,Rayo Vallecano,374,50,14.9,1,14.2,,0
15,Granada,275,36,12.3,2,16.4,,0
16,Celta Vigo,360,37,12.1,2,14.5,,0
17,Levante,239,40,10.5,2,14.4,,0
18,Deportivo La Coruna,361,46,13.8,2,13.4,,0
19,Mallorca,275,43,12.8,1,19.8,,0
20,Real Zaragoza,287,37,12.1,1,16.7,,0
1,Real Madrid,473,103,19.5,4,15.6,2013-2014,0
2,Barcelona,598,96,16.6,5,12.8,,0
3,Atletico Madrid,352,77,13.2,2,17.7,,1
4,Athletic Club,389,66,13.3,4,20.8,,0
5,Sevilla,327,67,12.6,3,17.5,,0
6,Real Sociedad,341,61,13,1,18.1,,0
7,Valencia,391,51,13.6,2,16.1,,0
8,Celta Vigo,380,46,12.9,2,14.6,,0
9,Malaga,332,38,12.3,2,17.2,,0
10,Levante,232,35,9.4,1,19.8,,0
11,Villarreal,295,53,9.9,2,12,,0
12,Espanyol,253,38,9.9,1,22.7,,0
13,Granada,322,32,11.2,1,16.3,,0
14,Real Valladolid,331,38,9.7,1,19.4,,0
15,Osasuna,316,32,11.2,1,22.5,,0
16,Almeria,277,43,10.4,1,16.8,,0
17,Rayo Vallecano,403,46,13.9,1,16.3,,0
18,Getafe,271,36,11.2,1,21.3,,0
19,Real Betis,317,36,13.1,1,17.5,,0
20,Elche,295,29,10.3,1,14.6,,0
1,Barcelona,628,110,16.4,6,10.3,2014-2015,1
2,Real Madrid,477,118,18.1,4,13.2,,0
3,Atletico Madrid,352,67,11.5,2,23.3,,0
4,Valencia,331,70,11.6,2,18.9,,0
5,Sevilla,343,71,12.2,4,17,,0
6,Villarreal,346,48,13.3,2,16.7,,0
7,Celta Vigo,423,47,13.1,3,18.9,,0
8,Athletic Club,362,42,11.7,3,22.7,,0
9,Real Sociedad,333,44,11.3,1,21.2,,0
10,Espanyol,284,47,9.7,2,17.6,,0
11,Rayo Vallecano,388,46,12.9,1,17.9,,0
12,Malaga,306,42,12.1,2,15.5,,0
13,Deportivo La Coruna,322,35,10.5,1,17,,0
14,Getafe,306,33,11.1,1,16.8,,0
15,Almeria,248,35,10.4,1,16.2,,0
16,Cordoba,319,22,10.3,1,18.9,,0
17,Eibar,259,34,9.3,1,20.3,,0
18,Granada,280,29,10.6,1,17.3,,0
19,Levante,272,34,10.6,1,19.1,,0
20,Elche,320,35,10.7,1,15.6,,0
1,Barcelona,581,111,15.9,5,9.9,2015-2016,1
2,Real Madrid,507,110,18.7,2,11.3,,0
3,Las Palmas,446,44,11,1,14.1,,0
4,Celta Vigo,429,53,11.7,2,15.2,,0
5,Atletico Madrid,394,63,12.5,2,16.5,,0
6,Real Sociedad,367,45,12,2,17.8,,0
7,Rayo Vallecano,366,52,13.2,1,17.1,,0
8,Valencia,357,45,10.5,1,15.7,,0
9,Villarreal,356,43,9,2,13.2,,0
10,Athletic Club,355,59,12,1,21.2,,0
11,Sevilla,342,51,12.1,2,16.3,,0
12,Deportivo La Coruna,331,42,12,1,15.1,,0
13,Real Betis,323,34,10.4,1,15.2,,0
14,Malaga,322,40,11.9,1,17.1,,0
15,Levante,310,37,11.4,1,18.7,,0
16,Espanyol,309,41,10.3,1,15.7,,0
17,Getafe,305,36,11.5,1,12.1,,0
18,Sporting Gijon,298,40,9.8,0,13.9,,0
19,Eibar,286,48,11,1,18.8,,0
20,Granada,278,46,11.3,1,14.6,,0
1,Barcelona,567,116,17.1,3,9.1,2016-2017,0
2,Las Palmas,491,53,11.6,1,10,,0
3,Real Madrid,478,106,17.4,1,12.8,,1
4,Sevilla,458,69,12.8,1,13.5,,0
5,Real Sociedad,427,59,13,1,14.6,,0
6,Celta Vigo,403,53,10.6,1,14.3,,0
7,Atletico Madrid,395,70,13.3,1,16.1,,0
8,Villarreal,394,56,11.3,1,12.4,,0
9,Valencia,370,56,11.8,1,12.9,,0
10,Athletic Club,356,53,12.8,1,20.5,,0
11,Malaga,347,49,12.9,1,17.3,,0
12,Deportivo La Coruna,333,43,12.1,0,15.8,,0
13,Real Betis,328,41,11.6,1,14.5,,0
14,Espanyol,324,49,9,0,14.4,,0
15,Sporting Gijon,313,42,9.9,0,15.2,,0
16,Deportivo Alaves,312,41,10.4,1,18,,0
17,Granada,311,30,10.1,1,12.9,,0
18,Leganes,298,36,10.7,1,18.9,,0
19,Eibar,296,56,11.9,0,18.8,,0
20,Osasuna,252,40,10.3,0,17.1,,0
1,Barcelona,590,99,15.3,3,9.3,2017-2018,1
2,Real Madrid,543,94,18.4,2,11.1,,0
3,Real Betis,474,60,11,1,12.2,,0
4,Celta Vigo,448,59,11.8,1,15,,0
5,Sevilla,444,49,13.6,2,15.9,,0
6,Real Sociedad,442,66,13.7,1,13.7,,0
7,Las Palmas,424,24,10.9,1,13.3,,0
8,Villarreal,400,57,12.5,2,15.2,,0
9,Atletico Madrid,390,58,10.7,2,15.2,,0
10,Valencia,381,65,12.7,1,14.8,,0
11,Athletic Club,344,41,11.3,1,19.8,,0
12,Deportivo La Coruna,338,38,12.3,1,15.3,,0
13,Espanyol,338,36,10.9,1,16.6,,0
14,Eibar,324,44,12.4,0,20.6,,0
15,Malaga,303,24,10.6,1,16.2,,0
16,Girona,302,50,12,1,17.7,,0
17,Levante,284,44,10.8,1,13.2,,0
18,Leganes,278,34,10.4,1,18.1,,0
19,Deportivo Alaves,262,40,10.3,1,17,,0
20,Getafe,229,42,9.8,1,15,,0
1,Barcelona,619,90,14.7,4,12.1,2018-2019,1
2,Atletico Madrid,405,55,11.7,2,18.2,,0
3,Real Madrid,533,63,15.6,2,13.1,,0
4,Valencia,364,51,12.6,1,16.3,,0
5,Sevilla,386,62,13.9,1,17.9,,0
6,Villarreal,364,49,13,1,16.9,,0
7,Real Sociedad,387,45,11.3,2,19,,0
8,Eibar,342,46,14,1,27.1,,0
9,Real Betis,515,44,11.7,1,12.7,,0
10,Celta Vigo,397,53,11.9,1,18,,0
11,Espanyol,370,48,12.5,2,16.3,,0
12,Getafe,219,48,10.6,1,22.8,,0
13,Athletic Club,352,41,10.2,1,25.3,,0
14,Leganes,284,37,11,1,25.1,,0
15,Deportivo Alaves,259,39,11.3,1,23.6,,0
16,Levante,289,59,11.6,1,13.1,,0
17,Girona,346,37,10.5,1,20.4,,0
18,SD Huesca,282,43,12.4,1,20.3,,0
19,Rayo Vallecano,326,41,12.1,1,14.6,,0
20,Real Valladolid,315,32,10.9,1,16.3,,0
1,Barcelona,619,86,13,2,12.5,2019-2020,0
2,Real Madrid,517,70,14.8,2,14.1,,1
3,Sevilla,456,54,12.9,1,20.4,,0
4,Atletico Madrid,370,51,11.8,2,22.7,,0
5,Villarreal,424,63,13,1,15.1,,0
6,Real Sociedad,434,56,11.3,1,22.4,,0
7,Athletic Club,329,41,10.8,0,24.9,,0
8,Granada,263,52,10.4,0,20.4,,0
9,Real Betis,424,48,12.6,1,15.8,,0
10,Celta Vigo,396,37,9.7,1,17.7,,0
11,Osasuna,299,46,12.2,0,23.7,,0
12,Getafe,228,43,10.9,1,25,,0
13,Valencia,364,46,8.9,1,15,,0
14,Levante,328,47,11.2,1,14.1,,0
15,Eibar,277,39,11.3,0,26.4,,0
16,Real Valladolid,297,32,9.9,1,17.1,,0
17,Leganes,279,30,11.4,1,21.3,,0
18,Mallorca,318,40,11.1,0,17.5,,0
19,Deportivo Alaves,263,34,8.2,0,24.5,,0
20,Espanyol,320,27,10.8,1,21,,0
1,Barcelona,678,85,15.3,2,10.6,2020-2021,0
2,Real Madrid,535,67,14.4,1,11.8,,0
3,Atletico Madrid,450,67,12.1,1,14.4,,1
4,Sevilla,494,53,12.1,1,16.6,,0
5,Villarreal,466,60,10.7,1,13,,0
6,Real Sociedad,404,59,11.3,1,17.9,,0
7,Real Betis,422,50,11.7,0,16.4,,0
8,Valencia,335,50,10.3,1,16.3,,0
9,Celta Vigo,413,55,9.4,1,16.5,,0
10,SD Huesca,354,34,10.7,0,15.7,,0
11,Athletic Club,360,46,10.6,0,17.9,,0
12,Osasuna,282,37,9.8,0,26.8,,0
13,Eibar,306,29,11.9,0,24.4,,0
14,Deportivo Alaves,276,36,9.1,0,22.6,,0
15,Levante,375,46,10.1,1,12.3,,0
16,Getafe,244,28,9.5,0,22.8,,0
17,Elche,350,34,7.1,0,13.2,,0
18,Granada,244,47,9.4,0,18.3,,0
19,Cadiz,212,36,8,0,18.5,,0
20,Real Valladolid,295,34,9.7,1,17.1,,0
1,Barcelona,564,68,13.6,2,12.2,2021-2022,0
2,Real Madrid,559,80,17.3,2,10.5,,1
3,Sevilla,471,53,11.4,1,15.7,,0
4,Villarreal,448,63,12,2,13,,0
5,Atletico Madrid,399,65,12.2,2,15,,0
6,Real Betis,418,62,13.6,2,13.4,,0
7,Real Sociedad,415,40,11.6,1,18.1,,0
8,Celta Vigo,427,43,10.8,2,16,,0
9,Athletic Club,349,43,12.3,1,15.7,,0
10,Rayo Vallecano,331,39,13.3,1,17.6,,0
11,Osasuna,319,37,11.4,0,21.7,,0
12,Getafe,274,33,10.8,0,19.3,,0
13,Valencia,253,48,10.6,1,15.1,,0
14,Cadiz,269,35,10.8,1,16.1,,0
15,Espanyol,351,40,10.7,1,12.1,,0
16,Granada,282,44,11.2,1,16.2,,0
17,Elche,340,40,8.8,1,14.3,,0
18,Mallorca,300,36,11.8,1,17.4,,0
19,Deportivo Alaves,260,31,10,1,23.1,,0
20,Levante,334,51,11.7,1,11.9,,0
1,Real Madrid,581,75,17,2,8.9,2022-2023,0
2,Barcelona,558,70,15.1,4,12.3,,1
3,Atletico Madrid,449,70,14.2,2,11.9,,0
4,Villarreal,440,59,13.3,2,9.5,,0
5,Real Sociedad,416,51,12.3,1,17.6,,0
6,Real Betis,392,46,11.1,2,12.1,,0
7,Athletic Club,387,47,14.4,1,14.2,,0
8,Mallorca,280,37,8.7,1,17.8,,0
9,Celta Vigo,391,43,12.4,1,12.1,,0
10,Girona,402,58,12,1,11.4,,0
11,Valencia,359,42,12.8,1,13,,0
12,Osasuna,334,37,11.7,1,16.2,,0
13,Sevilla,405,47,12.3,1,13.1,,0
14,Espanyol,287,52,11.1,1,17.1,,0
15,Rayo Vallecano,353,45,13.6,1,11.5,,0
16,Real Valladolid,329,33,11.8,1,12.5,,0
17,Almeria,321,49,11.6,1,12.8,,0
18,Getafe,263,34,9.8,1,19,,0
19,Cadiz,267,30,10.4,1,16.1,,0
20,Elche,319,30,10.7,1,12.8,,
1,Real Madrid,570,87,15.7,2,8.9,2023-2024,1
2,Barcelona,570,79,15.7,3,12,,0
3,Girona,496,85,12.7,1,10.1,,0
4,Atletico Madrid,459,70,12.7,2,11.4,,0
5,Athletic Club,390,61,12.2,2,14.4,,0
6,Real Betis,411,48,12.9,1,12.9,,0
7,Real Sociedad,415,51,12.1,1,20.3,,0
8,Sevilla,382,48,12.9,1,16.3,,0
9,Villarreal,405,65,12.3,2,12.7,,0
10,Celta Vigo,376,46,12.4,2,14.1,,0
11,Mallorca,305,33,11,1,20.8,,0
12,Valencia,328,40,9.9,1,13,,0
13,Deportivo Alaves,265,36,12.2,1,15.4,,0
14,Osasuna,344,45,11.2,1,20.2,,0
15,Getafe,284,42,11.9,1,17.8,,0
16,Las Palmas,319,33,10.3,2,10.8,,0
17,Rayo Vallecano,353,29,13,1,13.7,,0
18,Almeria,341,43,12.6,1,15,,0
19,Cadiz,283,26,10.5,1,16.9,,0
20,Granada,318,38,10.6,1,12.9,,0
1,Barcelona,597,102,17.8,3,10.2,2024-2025,1
2,Real Madrid,559,78,16.7,2,9,,0
3,Girona,478,85,12.7,1,10.1,,0
4,Atletico Madrid,477,68,12.4,2,11.9,,0
5,Celta Vigo,477,59,11.9,2,10.4,,0
6,Real Betis,420,57,13.9,2,12.5,,0
7,Real Sociedad,399,35,10.2,1,15.4,,0
8,Villarreal,384,71,14.1,2,13.3,,0
9,Las Palmas,384,40,10.9,1,14.2,,0
10,Sevilla,383,42,12.5,1,14.4,,0
11,Valencia,372,44,10.2,1,12.1,,0
12,Rayo Vallecano,366,41,13.6,1,13,,0
13,Athletic Club,359,54,12.3,1,13.3,,0
14,Mallorca,330,35,10.2,1,18,,0
15,Osasuna,321,48,11,1,16.5,,0
16,Real Valladolid,317,26,8.8,1,14.9,,0
17,Leganes,297,39,9.3,1,12.6,,0
18,Deportivo Alaves,282,38,10.6,1,17.4,,0
19,Espanyol,280,40,9.4,1,13.3,,0
20,Getafe,232,34,11.4,1,20.6,,0
