Rank,Team,Short Passes pg,Goals,Shots pg,Through Balls pg,Aerials Won,Year 
1,Barcelona,560,98,15.6,9,8.3,2009-2010
2,Real Madrid,464,102,21.5,8,9.9,2009-2011
3,Valencia,402,59,14.3,6,9.2,2009-2012
4,Mallorca,264,57,12.8,3,12.7,2009-2013
5,Sevilla,341,66,13.2,4,12.3,2009-2014
6,Athletic Club,257,50,12.8,2,14.8,2009-2015
7,Villarreal,350,58,12.7,4,9.2,2009-2016
8,Almeria,304,43,11.7,5,8.1,2009-2017
9,Getafe,375,58,14.7,3,8.3,2009-2018
10,Malaga,249,42,11.7,3,9.7,2009-2019
11,Atletico Madrid,340,57,14.6,4,10.2,2009-2020
12,Real Zaragoza,315,44,12.8,4,10.4,2009-2021
13,Racing Santander,287,42,10.8,3,11.3,2009-2022
14,Tenerife,314,40,14.2,3,12.2,2009-2023
15,Real Valladolid,281,37,13.3,3,12.1,2009-2024
16,Sporting Gijon,273,35,10.9,3,9.5,2009-2025
17,Espanyol,322,29,12.2,4,10.2,2009-2026
18,Osasuna,263,37,11.1,3,12.1,2009-2027
19,Deportivo La Coruna,312,35,10.4,2,9.1,2009-2028
20,Xerez,293,40,9.5,3,10,2009-2029
1,Barcelona,694,95,15.8,12,6.2,2010 -2011
2,Real Madrid,432,102,19.1,8,10.1,2011 -2011
3,Valencia,412,64,13.1,6,11.8,2012 -2011
4,Villarreal,420,54,13.9,7,7.8,2013 -2011
5,Atletico Madrid,347,62,15.1,6,10.7,2014 -2011
6,Real Zaragoza,307,41,14,5,13.9,2015 -2011
7,Sevilla,399,64,13.8,4,13.7,2016 -2011
8,Osasuna,296,46,12.7,3,17,2017 -2011
9,Sporting Gijon,290,35,11.6,4,12,2018 -2011
10,Athletic Club,308,59,13.4,3,15.6,2019 -2011
11,Mallorca,321,41,13,8,15.6,2020 -2011
12,Racing Santander,347,41,12.3,6,12.8,2021 -2011
13,Malaga,339,54,11.8,4,11.9,2022 -2011
14,Real Sociedad,290,46,11.3,2,16.3,2023 -2011
15,Getafe,351,49,13.8,4,11.6,2024 -2011
16,Deportivo La Coruna,317,31,11,3,14,2025 -2011
17,Espanyol,381,46,12.3,5,10.2,2026 -2011
18,Hercules,351,36,10.5,3,14.4,2027 -2011
19,Levante,275,43,10.4,4,13.8,2028 -2011
20,Almeria,291,38,12.2,3,13.8,2029 -2011
1,Barcelona,655,114,16.5,13,5.7,2011-2012
2,Real Madrid,474,120,19.3,7,8.4,2011-2013
3,Malaga,398,54,14,3,11.7,2011-2014
4,Real Sociedad,337,46,12.6,3,13.9,2011-2015
5,Sevilla,379,47,15.4,5,15.3,2011-2016
6,Athletic Club,434,50,12.2,4,12.2,2011-2017
7,Real Betis,381,47,13.6,7,11.4,2011-2018
8,Atletico Madrid,368,53,15.3,4,10.6,2011-2019
9,Valencia,396,56,13.4,5,11.4,2011-2020
10,Levante,275,55,10.3,2,12,2011-2021
11,Villarreal,389,39,12,6,11.3,2011-2022
12,Mallorca,301,41,11.5,3,17.3,2011-2023
13,Rayo Vallecano,316,52,12.9,3,14.5,2011-2024
14,Osasuna,302,44,12.3,2,18.6,2011-2025
15,Espanyol,406,46,13.1,5,9.7,2011-2026
16,Real Zaragoza,292,37,11.4,2,12.7,2011-2027
17,Getafe,302,40,9.8,4,15,2011-2028
18,Sporting Gijon,283,46,12.2,4,13,2011-2029
19,Granada,320,37,13,2,11.7,2011-2030
20,Racing Santander,273,30,9.4,2,13,2011-2031
1,Barcelona,691,113,13.9,8,9.5,2012-2013
2,Real Madrid,416,101,18.7,7,15.4,2012-2014
3,Atletico Madrid,345,66,13.4,2,18.1,2012-2015
4,Valencia,360,65,14.9,6,14.8,2012-2016
5,Real Sociedad,369,68,14.7,2,16.9,2012-2017
6,Malaga,406,54,11.6,2,15.4,2012-2018
7,Athletic Club,411,45,12.6,4,15.8,2012-2019
8,Real Betis,327,57,11.9,3,15.2,2012-2020
9,Sevilla,374,58,14.5,3,16.3,2012-2021
10,Osasuna,308,33,13.3,2,25.3,2012-2022
11,Real Valladolid,375,52,10.2,2,16.7,2012-2023
12,Espanyol,299,44,10.8,2,17.7,2012-2024
13,Getafe,310,44,12.4,2,17,2012-2025
14,Rayo Vallecano,374,50,14.9,1,14.2,2012-2026
15,Granada,275,36,12.3,2,16.4,2012-2027
16,Celta Vigo,360,37,12.1,2,14.5,2012-2028
17,Levante,239,40,10.5,2,14.4,2012-2029
18,Deportivo La Coruna,361,46,13.8,2,13.4,2012-2030
19,Mallorca,275,43,12.8,1,19.8,2012-2031
20,Real Zaragoza,287,37,12.1,1,16.7,2012-2032
1,Real Madrid,473,103,19.5,4,15.6,2013-2014
2,Barcelona,598,96,16.6,5,12.8,2013-2015
3,Atletico Madrid,352,77,13.2,2,17.7,2013-2016
4,Athletic Club,389,66,13.3,4,20.8,2013-2017
5,Sevilla,327,67,12.6,3,17.5,2013-2018
6,Real Sociedad,341,61,13,1,18.1,2013-2019
7,Valencia,391,51,13.6,2,16.1,2013-2020
8,Celta Vigo,380,46,12.9,2,14.6,2013-2021
9,Malaga,332,38,12.3,2,17.2,2013-2022
10,Levante,232,35,9.4,1,19.8,2013-2023
11,Villarreal,295,53,9.9,2,12,2013-2024
12,Espanyol,253,38,9.9,1,22.7,2013-2025
13,Granada,322,32,11.2,1,16.3,2013-2026
14,Real Valladolid,331,38,9.7,1,19.4,2013-2027
15,Osasuna,316,32,11.2,1,22.5,2013-2028
16,Almeria,277,43,10.4,1,16.8,2013-2029
17,Rayo Vallecano,403,46,13.9,1,16.3,2013-2030
18,Getafe,271,36,11.2,1,21.3,2013-2031
19,Real Betis,317,36,13.1,1,17.5,2013-2032
20,Elche,295,29,10.3,1,14.6,2013-2033
1,Barcelona,628,110,16.4,6,10.3,2014-2015
2,Real Madrid,477,118,18.1,4,13.2,2014-2016
3,Atletico Madrid,352,67,11.5,2,23.3,2014-2017
4,Valencia,331,70,11.6,2,18.9,2014-2018
5,Sevilla,343,71,12.2,4,17,2014-2019
6,Villarreal,346,48,13.3,2,16.7,2014-2020
7,Celta Vigo,423,47,13.1,3,18.9,2014-2021
8,Athletic Club,362,42,11.7,3,22.7,2014-2022
9,Real Sociedad,333,44,11.3,1,21.2,2014-2023
10,Espanyol,284,47,9.7,2,17.6,2014-2024
11,Rayo Vallecano,388,46,12.9,1,17.9,2014-2025
12,Malaga,306,42,12.1,2,15.5,2014-2026
13,Deportivo La Coruna,322,35,10.5,1,17,2014-2027
14,Getafe,306,33,11.1,1,16.8,2014-2028
15,Almeria,248,35,10.4,1,16.2,2014-2029
16,Cordoba,319,22,10.3,1,18.9,2014-2030
17,Eibar,259,34,9.3,1,20.3,2014-2031
18,Granada,280,29,10.6,1,17.3,2014-2032
19,Levante,272,34,10.6,1,19.1,2014-2033
20,Elche,320,35,10.7,1,15.6,2014-2034
1,Barcelona,581,111,15.9,5,9.9,2015-2016
2,Real Madrid,507,110,18.7,2,11.3,2015-2017
3,Las Palmas,446,44,11,1,14.1,2015-2018
4,Celta Vigo,429,53,11.7,2,15.2,2015-2019
5,Atletico Madrid,394,63,12.5,2,16.5,2015-2020
6,Real Sociedad,367,45,12,2,17.8,2015-2021
7,Rayo Vallecano,366,52,13.2,1,17.1,2015-2022
8,Valencia,357,45,10.5,1,15.7,2015-2023
9,Villarreal,356,43,9,2,13.2,2015-2024
10,Athletic Club,355,59,12,1,21.2,2015-2025
11,Sevilla,342,51,12.1,2,16.3,2015-2026
12,Deportivo La Coruna,331,42,12,1,15.1,2015-2027
13,Real Betis,323,34,10.4,1,15.2,2015-2028
14,Malaga,322,40,11.9,1,17.1,2015-2029
15,Levante,310,37,11.4,1,18.7,2015-2030
16,Espanyol,309,41,10.3,1,15.7,2015-2031
17,Getafe,305,36,11.5,1,12.1,2015-2032
18,Sporting Gijon,298,40,9.8,0,13.9,2015-2033
19,Eibar,286,48,11,1,18.8,2015-2034
20,Granada,278,46,11.3,1,14.6,2015-2035
1,Barcelona,567,116,17.1,3,9.1,2016-2017
2,Las Palmas,491,53,11.6,1,10,2016-2018
3,Real Madrid,478,106,17.4,1,12.8,2016-2019
4,Sevilla,458,69,12.8,1,13.5,2016-2020
5,Real Sociedad,427,59,13,1,14.6,2016-2021
6,Celta Vigo,403,53,10.6,1,14.3,2016-2022
7,Atletico Madrid,395,70,13.3,1,16.1,2016-2023
8,Villarreal,394,56,11.3,1,12.4,2016-2024
9,Valencia,370,56,11.8,1,12.9,2016-2025
10,Athletic Club,356,53,12.8,1,20.5,2016-2026
11,Malaga,347,49,12.9,1,17.3,2016-2027
12,Deportivo La Coruna,333,43,12.1,0,15.8,2016-2028
13,Real Betis,328,41,11.6,1,14.5,2016-2029
14,Espanyol,324,49,9,0,14.4,2016-2030
15,Sporting Gijon,313,42,9.9,0,15.2,2016-2031
16,Deportivo Alaves,312,41,10.4,1,18,2016-2032
17,Granada,311,30,10.1,1,12.9,2016-2033
18,Leganes,298,36,10.7,1,18.9,2016-2034
19,Eibar,296,56,11.9,0,18.8,2016-2035
20,Osasuna,252,40,10.3,0,17.1,2016-2036
1,Barcelona,590,99,15.3,3,9.3,2017-2018
2,Real Madrid,543,94,18.4,2,11.1,2017-2019
3,Real Betis,474,60,11,1,12.2,2017-2020
4,Celta Vigo,448,59,11.8,1,15,2017-2021
5,Sevilla,444,49,13.6,2,15.9,2017-2022
6,Real Sociedad,442,66,13.7,1,13.7,2017-2023
7,Las Palmas,424,24,10.9,1,13.3,2017-2024
8,Villarreal,400,57,12.5,2,15.2,2017-2025
9,Atletico Madrid,390,58,10.7,2,15.2,2017-2026
10,Valencia,381,65,12.7,1,14.8,2017-2027
11,Athletic Club,344,41,11.3,1,19.8,2017-2028
12,Deportivo La Coruna,338,38,12.3,1,15.3,2017-2029
13,Espanyol,338,36,10.9,1,16.6,2017-2030
14,Eibar,324,44,12.4,0,20.6,2017-2031
15,Malaga,303,24,10.6,1,16.2,2017-2032
16,Girona,302,50,12,1,17.7,2017-2033
17,Levante,284,44,10.8,1,13.2,2017-2034
18,Leganes,278,34,10.4,1,18.1,2017-2035
19,Deportivo Alaves,262,40,10.3,1,17,2017-2036
20,Getafe,229,42,9.8,1,15,2017-2037
1,Barcelona,619,90,14.7,4,12.1,2018-2019
2,Atletico Madrid,405,55,11.7,2,18.2,2018-2020
3,Real Madrid,533,63,15.6,2,13.1,2018-2021
4,Valencia,364,51,12.6,1,16.3,2018-2022
5,Sevilla,386,62,13.9,1,17.9,2018-2023
6,Villarreal,364,49,13,1,16.9,2018-2024
7,Real Sociedad,387,45,11.3,2,19,2018-2025
8,Eibar,342,46,14,1,27.1,2018-2026
9,Real Betis,515,44,11.7,1,12.7,2018-2027
10,Celta Vigo,397,53,11.9,1,18,2018-2028
11,Espanyol,370,48,12.5,2,16.3,2018-2029
12,Getafe,219,48,10.6,1,22.8,2018-2030
13,Athletic Club,352,41,10.2,1,25.3,2018-2031
14,Leganes,284,37,11,1,25.1,2018-2032
15,Deportivo Alaves,259,39,11.3,1,23.6,2018-2033
16,Levante,289,59,11.6,1,13.1,2018-2034
17,Girona,346,37,10.5,1,20.4,2018-2035
18,SD Huesca,282,43,12.4,1,20.3,2018-2036
19,Rayo Vallecano,326,41,12.1,1,14.6,2018-2037
20,Real Valladolid,315,32,10.9,1,16.3,2018-2038
1,Barcelona,619,86,13,2,12.5,2019-2020
2,Real Madrid,517,70,14.8,2,14.1,2019-2021
3,Sevilla,456,54,12.9,1,20.4,2019-2022
4,Atletico Madrid,370,51,11.8,2,22.7,2019-2023
5,Villarreal,424,63,13,1,15.1,2019-2024
6,Real Sociedad,434,56,11.3,1,22.4,2019-2025
7,Athletic Club,329,41,10.8,0,24.9,2019-2026
8,Granada,263,52,10.4,0,20.4,2019-2027
9,Real Betis,424,48,12.6,1,15.8,2019-2028
10,Celta Vigo,396,37,9.7,1,17.7,2019-2029
11,Osasuna,299,46,12.2,0,23.7,2019-2030
12,Getafe,228,43,10.9,1,25,2019-2031
13,Valencia,364,46,8.9,1,15,2019-2032
14,Levante,328,47,11.2,1,14.1,2019-2033
15,Eibar,277,39,11.3,0,26.4,2019-2034
16,Real Valladolid,297,32,9.9,1,17.1,2019-2035
17,Leganes,279,30,11.4,1,21.3,2019-2036
18,Mallorca,318,40,11.1,0,17.5,2019-2037
19,Deportivo Alaves,263,34,8.2,0,24.5,2019-2038
20,Espanyol,320,27,10.8,1,21,2019-2039
1,Barcelona,678,85,15.3,2,10.6,2020-2021
2,Real Madrid,535,67,14.4,1,11.8,2020-2022
3,Atletico Madrid,450,67,12.1,1,14.4,2020-2023
4,Sevilla,494,53,12.1,1,16.6,2020-2024
5,Villarreal,466,60,10.7,1,13,2020-2025
6,Real Sociedad,404,59,11.3,1,17.9,2020-2026
7,Real Betis,422,50,11.7,0,16.4,2020-2027
8,Valencia,335,50,10.3,1,16.3,2020-2028
9,Celta Vigo,413,55,9.4,1,16.5,2020-2029
10,SD Huesca,354,34,10.7,0,15.7,2020-2030
11,Athletic Club,360,46,10.6,0,17.9,2020-2031
12,Osasuna,282,37,9.8,0,26.8,2020-2032
13,Eibar,306,29,11.9,0,24.4,2020-2033
14,Deportivo Alaves,276,36,9.1,0,22.6,2020-2034
15,Levante,375,46,10.1,1,12.3,2020-2035
16,Getafe,244,28,9.5,0,22.8,2020-2036
17,Elche,350,34,7.1,0,13.2,2020-2037
18,Granada,244,47,9.4,0,18.3,2020-2038
19,Cadiz,212,36,8,0,18.5,2020-2039
20,Real Valladolid,295,34,9.7,1,17.1,2020-2040
1,Barcelona,564,68,13.6,2,12.2,2021-2022
2,Real Madrid,559,80,17.3,2,10.5,2021-2023
3,Sevilla,471,53,11.4,1,15.7,2021-2024
4,Villarreal,448,63,12,2,13,2021-2025
5,Atletico Madrid,399,65,12.2,2,15,2021-2026
6,Real Betis,418,62,13.6,2,13.4,2021-2027
7,Real Sociedad,415,40,11.6,1,18.1,2021-2028
8,Celta Vigo,427,43,10.8,2,16,2021-2029
9,Athletic Club,349,43,12.3,1,15.7,2021-2030
10,Rayo Vallecano,331,39,13.3,1,17.6,2021-2031
11,Osasuna,319,37,11.4,0,21.7,2021-2032
12,Getafe,274,33,10.8,0,19.3,2021-2033
13,Valencia,253,48,10.6,1,15.1,2021-2034
14,Cadiz,269,35,10.8,1,16.1,2021-2035
15,Espanyol,351,40,10.7,1,12.1,2021-2036
16,Granada,282,44,11.2,1,16.2,2021-2037
17,Elche,340,40,8.8,1,14.3,2021-2038
18,Mallorca,300,36,11.8,1,17.4,2021-2039
19,Deportivo Alaves,260,31,10,1,23.1,2021-2040
20,Levante,334,51,11.7,1,11.9,2021-2041
1,Real Madrid,581,75,17,2,8.9,2022-2023
2,Barcelona,558,70,15.1,4,12.3,2022-2024
3,Atletico Madrid,449,70,14.2,2,11.9,2022-2025
4,Villarreal,440,59,13.3,2,9.5,2022-2026
5,Real Sociedad,416,51,12.3,1,17.6,2022-2027
6,Real Betis,392,46,11.1,2,12.1,2022-2028
7,Athletic Club,387,47,14.4,1,14.2,2022-2029
8,Mallorca,280,37,8.7,1,17.8,2022-2030
9,Celta Vigo,391,43,12.4,1,12.1,2022-2031
10,Girona,402,58,12,1,11.4,2022-2032
11,Valencia,359,42,12.8,1,13,2022-2033
12,Osasuna,334,37,11.7,1,16.2,2022-2034
13,Sevilla,405,47,12.3,1,13.1,2022-2035
14,Espanyol,287,52,11.1,1,17.1,2022-2036
15,Rayo Vallecano,353,45,13.6,1,11.5,2022-2037
16,Real Valladolid,329,33,11.8,1,12.5,2022-2038
17,Almeria,321,49,11.6,1,12.8,2022-2039
18,Getafe,263,34,9.8,1,19,2022-2040
19,Cadiz,267,30,10.4,1,16.1,2022-2041
20,Elche,319,30,10.7,1,12.8,2022-2042
1,Real Madrid,570,87,15.7,2,8.9,2023-2024
2,Barcelona,570,79,15.7,3,12,2023-2025
3,Girona,496,85,12.7,1,10.1,2023-2026
4,Atletico Madrid,459,70,12.7,2,11.4,2023-2027
5,Athletic Club,390,61,12.2,2,14.4,2023-2028
6,Real Betis,411,48,12.9,1,12.9,2023-2029
7,Real Sociedad,415,51,12.1,1,20.3,2023-2030
8,Sevilla,382,48,12.9,1,16.3,2023-2031
9,Villarreal,405,65,12.3,2,12.7,2023-2032
10,Celta Vigo,376,46,12.4,2,14.1,2023-2033
11,Mallorca,305,33,11,1,20.8,2023-2034
12,Valencia,328,40,9.9,1,13,2023-2035
13,Deportivo Alaves,265,36,12.2,1,15.4,2023-2036
14,Osasuna,344,45,11.2,1,20.2,2023-2037
15,Getafe,284,42,11.9,1,17.8,2023-2038
16,Las Palmas,319,33,10.3,2,10.8,2023-2039
17,Rayo Vallecano,353,29,13,1,13.7,2023-2040
18,Almeria,341,43,12.6,1,15,2023-2041
19,Cadiz,283,26,10.5,1,16.9,2023-2042
20,Granada,318,38,10.6,1,12.9,2023-2043
1,Barcelona,597,102,17.8,3,10.2,2024-2025
2,Real Madrid,559,78,16.7,2,9,2024-2026
3,Girona,478,85,12.7,1,10.1,2024-2027
4,Atletico Madrid,477,68,12.4,2,11.9,2024-2028
5,Celta Vigo,477,59,11.9,2,10.4,2024-2029
6,Real Betis,420,57,13.9,2,12.5,2024-2030
7,Real Sociedad,399,35,10.2,1,15.4,2024-2031
8,Villarreal,384,71,14.1,2,13.3,2024-2032
9,Las Palmas,384,40,10.9,1,14.2,2024-2033
10,Sevilla,383,42,12.5,1,14.4,2024-2034
11,Valencia,372,44,10.2,1,12.1,2024-2035
12,Rayo Vallecano,366,41,13.6,1,13,2024-2036
13,Athletic Club,359,54,12.3,1,13.3,2024-2037
14,Mallorca,330,35,10.2,1,18,2024-2038
15,Osasuna,321,48,11,1,16.5,2024-2039
16,Real Valladolid,317,26,8.8,1,14.9,2024-2040
17,Leganes,297,39,9.3,1,12.6,2024-2041
18,Deportivo Alaves,282,38,10.6,1,17.4,2024-2042
19,Espanyol,280,40,9.4,1,13.3,2024-2043
20,Getafe,232,34,11.4,1,20.6,2024-2044
